video name,name,duration,link,thumbnail,created_time,modified_time,release_time
Edwin Romero - LAPD Graduation,Edwin Romero,9,https://vimeo.com/820913028,https://i.vimeocdn.com/video/1662337989-c465c556a26a1239bf66df570c0d588a27ffe49fd4dfb27398e8ad08520bc973-d_1920x1080?r=pad,2023-04-25T14:34:12+00:00,2023-05-07T21:22:00+00:00,2023-04-25T14:34:12+00:00
Luciana Stearns - LAPD Graduation,Luciana Stearns,114,https://vimeo.com/786321915,https://i.vimeocdn.com/video/1580691589-bbcd7bee9c1b59476b2f6a9f1ee370ba47e2d583c7a38c8f8ad72ce771b4c02e-d_1920x1080?r=pad,2023-01-04T16:54:41+00:00,2023-05-07T21:41:04+00:00,2023-01-04T16:54:41+00:00
Ramiro Zuniga - LAPD Graduation,Ramiro Zuniga,117,https://vimeo.com/786322420,https://i.vimeocdn.com/video/1580691813-b922d241efc3c18712ed8a6134faf506e64e739003dfd2e24929411ad805c7c9-d_1920x1080?r=pad,2023-01-04T16:56:17+00:00,2023-05-07T21:40:57+00:00,2023-01-04T16:56:17+00:00
Herrera Ortega Lucio- LAPD Graduation,Herrera Ortega Lucio,167,https://vimeo.com/820913708,https://i.vimeocdn.com/video/1662335521-b0c1d9f7db421cd93a8768f3a21a45ccea39d94f7ccb08dc2c3eac8a9f62e9a9-d_1920x1080?r=pad,2023-04-25T14:35:59+00:00,2023-05-07T21:21:42+00:00,2023-04-25T14:35:59+00:00
Eduardo Monraz - LAPD Graduation Video,Eduardo Monraz,168,https://vimeo.com/820982475,https://i.vimeocdn.com/video/1662316371-7bc0cefa6163e2db8fc5242bf0d1fa45c778bb63c4765721a1770882c7ea68f2-d_1920x1080?r=pad,2023-04-25T17:30:43+00:00,2023-05-07T23:12:12+00:00,2023-04-25T17:30:43+00:00
Pablo Molina - LAPD Graduation Video,Pablo Molina,168,https://vimeo.com/820932652,https://i.vimeocdn.com/video/1662325603-bcf108db0ca0956ff32d24743fee98e116857e7afc3d9481cd53fd655851092f-d_1920x1080?r=pad,2023-04-25T15:22:38+00:00,2023-05-07T21:19:36+00:00,2023-04-25T15:22:38+00:00
Eduardo Monraz - LAPD Graduation,Eduardo Monraz,168,https://vimeo.com/820912742,https://i.vimeocdn.com/video/1662341445-334b555b57a0e6f87033d6a4cb3df8c05e9352c08ae30d93d824f1054644d183-d_1920x1080?r=pad,2023-04-25T14:33:28+00:00,2023-05-07T21:41:07+00:00,2023-04-25T14:33:28+00:00
Mikel Vasquez - LAPD Graduation,Mikel Vasquez,169,https://vimeo.com/820932332,https://i.vimeocdn.com/video/1662326475-451bba6b9af845e9652663836b3d83f7d4b39fc0e12fe378acac70938561d430-d_1920x1080?r=pad,2023-04-25T15:21:45+00:00,2023-05-07T21:14:01+00:00,2023-04-25T15:21:45+00:00
Karina Pedroza - LAPD Graduation,Karina Pedroza,169,https://vimeo.com/820922106,https://i.vimeocdn.com/video/1660877909-577edc200ca147be6778395f324c724f2503bcc2dfe3f0cdcbbff5fc6a92e9db-d_1920x1080?r=pad,2023-04-25T14:55:14+00:00,2023-05-07T21:19:44+00:00,2023-04-25T14:55:14+00:00
Joey Pinal - LAPD Graduation,Joey Pinal,169,https://vimeo.com/820920457,https://i.vimeocdn.com/video/1660874551-cfe34c37e9db77c1c263882cecf86d1a88af95fc8ffc0ad4d6e5d4dfa3059c76-d_1920x1080?r=pad,2023-04-25T14:52:21+00:00,2023-05-07T21:23:26+00:00,2023-04-25T14:52:21+00:00
Albert Romo - LAPD Graduation,Albert Romo,169,https://vimeo.com/820653683,https://i.vimeocdn.com/video/1662348042-be8e8bea7b15bbba7932ecf842f3eeb23fcfc44dc1d2616fa6871ac584bc6d9a-d_1920x1080?r=pad,2023-04-24T19:50:35+00:00,2023-05-07T21:41:17+00:00,2023-04-24T19:50:35+00:00
Shawn Zhang - LAPD Graduation,Shawn Zhang,170,https://vimeo.com/820910271,https://i.vimeocdn.com/video/1660859606-af10bd03ecf86419fab5ef4d924ed742585cacf9d6fb831461186fd70ea87e0a-d_1920x1080?r=pad,2023-04-25T14:26:32+00:00,2023-05-07T21:41:37+00:00,2023-04-25T14:26:32+00:00
Michael Guerrero - LAPD Graduation,Michael Guerrero,177,https://vimeo.com/820931759,https://i.vimeocdn.com/video/1662327316-6f52ff777fa923b93dae20ba57d5395c2a44f8526581085eac09b30b563b3ee8-d_1920x1080?r=pad,2023-04-25T15:20:00+00:00,2023-05-07T21:15:08+00:00,2023-04-25T15:20:00+00:00
Katherine Burga - LAPD Graduation,Katherine Burga,177,https://vimeo.com/820922529,https://i.vimeocdn.com/video/1662324747-9d896af8d1ce8b31f5fa1bc89b5176495416e19f41646adc8f2542343203a6bf-d_1920x1080?r=pad,2023-04-25T14:56:07+00:00,2023-05-07T21:10:42+00:00,2023-04-25T14:56:07+00:00
Anthony Hidalgo - LAPD Graduation,Anthony Hidalgo,177,https://vimeo.com/820656605,https://i.vimeocdn.com/video/1662346632-c707eac236e0cf9ca4a4926f43e7664fe4f60844a27eeb5a2b45b0bd1d989f5b-d_1920x1080?r=pad,2023-04-24T19:59:59+00:00,2023-05-07T21:40:59+00:00,2023-04-24T19:59:59+00:00
Brandon Matthews - LAPD Graduation,Brandon Matthews,177,https://vimeo.com/820366339,https://i.vimeocdn.com/video/1662349229-a0c9ed469d2051f3261115f3d78379d14a6744a44e63b6eadb376883355d40af-d_1920x1080?r=pad,2023-04-24T01:47:52+00:00,2023-05-07T21:41:00+00:00,2023-04-24T01:47:52+00:00
Danny Abudahab - LAPD Graduation,Danny Abudahab,179,https://vimeo.com/820909397,https://i.vimeocdn.com/video/1660859102-832b7e5e9c32cf874763153b7f2e0f1ade571919956e9e239a8ed52c88e0d055-d_1920x1080?r=pad,2023-04-25T14:24:16+00:00,2023-05-07T21:40:46+00:00,2023-04-25T14:24:16+00:00
Baltazar Valencia LAPD Graduation Video,Baltazar Valencia ,186,https://vimeo.com/748190069,https://i.vimeocdn.com/video/1506052701-3765fe196e26ce6c9309466501a4ba0afcde818510dbc7f50b47b356f1da2143-d_1920x1080?r=pad,2022-09-09T22:10:32+00:00,2022-09-17T23:54:55+00:00,2022-09-09T22:10:32+00:00
Jason Ordonez LAPD Graduation,Jason Ordonez ,187,https://vimeo.com/748195427,https://i.vimeocdn.com/video/1504557317-e7f6cb78b1fcd23de92af65130bab899d0c367e6206fd24ebcfa2708c40f75cb-d_1920x1080?r=pad,2022-09-09T22:40:35+00:00,2022-09-17T23:43:49+00:00,2022-09-09T22:40:35+00:00
Ismael Cruz Zuniga LAPD Graduation,Ismael Cruz Zuniga ,187,https://vimeo.com/748194290,https://i.vimeocdn.com/video/1506049836-a706a92e11f0b552c5daea5b0264807f56076645b23840f8090d1adda99229b6-d_1920x1080?r=pad,2022-09-09T22:34:40+00:00,2022-09-17T23:43:43+00:00,2022-09-09T22:34:40+00:00
Alonzo Watters LAPD Graduation,Alonzo Watters ,187,https://vimeo.com/748188057,https://i.vimeocdn.com/video/1504540514-a37610ab7a6e3559efec0110ef73aed9e43eaaa4ecf9a788ac330f919c20a8a1-d_1920x1080?r=pad,2022-09-09T22:00:19+00:00,2022-09-27T04:09:52+00:00,2022-09-09T22:00:19+00:00
Patricia Garcia LAPD Graduation,Patricia Garcia ,188,https://vimeo.com/748197465,https://i.vimeocdn.com/video/1506046499-da503bc4317b6f9a728ce06f36c9ba8d8c08964826e5e0123f0f45b72576ac9d-d_1920x1080?r=pad,2022-09-09T22:51:46+00:00,2023-03-14T09:12:40+00:00,2022-09-09T22:51:46+00:00
David Zuniga - Class 10-21 - LAPD Graduation Ceremony,David Zuniga,188,https://vimeo.com/710596754,https://i.vimeocdn.com/video/1433216590-ff5edf766f9892bf32b683c29810db612532d8472a5c09ed11805922ae59747f-d_1920x1080?r=pad,2022-05-17T00:51:12+00:00,2022-09-17T23:54:52+00:00,2022-05-17T00:51:12+00:00
Gerardo Figueroa - LAPD Graduation,Gerardo Figueroa,189,https://vimeo.com/820913072,https://i.vimeocdn.com/video/1662340009-746a725b48595de0e4bb24b50fb51526ac679cbb0eddf2e0ca0fdc945f376e4a-d_1920x1080?r=pad,2023-04-25T14:34:19+00:00,2023-05-07T21:13:25+00:00,2023-04-25T14:34:19+00:00
Erick Rodriguez LAPD Graduation,Erick Rodriguez ,191,https://vimeo.com/812923070,https://i.vimeocdn.com/video/1643933763-62a7c7f0b66fe43eaf5961541efd287573d8eafec1f45c1af63197c069b95941-d_1920x1080?r=pad,2023-03-29T18:46:27+00:00,2023-05-07T21:41:17+00:00,2023-03-29T18:46:27+00:00
Christopher Menchaca - LAPD Graduation,Christopher Menchaca,194,https://vimeo.com/820908478,https://i.vimeocdn.com/video/1662344985-ede20bfcd7cfb6bd6d1bc80c4997b61f1c2cfb45e9c768a0062229c9b84db042-d_1920x1080?r=pad,2023-04-25T14:21:49+00:00,2023-05-07T21:41:07+00:00,2023-04-25T14:21:49+00:00
Andrew Milazzo - LAPD Graduation,Andrew Milazzo,194,https://vimeo.com/820360513,https://i.vimeocdn.com/video/1662350225-e1367346da68a1357d7260dd227e420627082928f7aa8a1e7e67d6d977b761b8-d_1920x1080?r=pad,2023-04-24T01:07:04+00:00,2023-05-07T21:41:02+00:00,2023-04-24T01:07:04+00:00
Juan Jose Gonzalez - LAPD Graduation,Juan Jose Gonzalez,195,https://vimeo.com/820920940,https://i.vimeocdn.com/video/1660875915-3a91f0344c51498a8a2aa9b63ae52c282a0730f3e761ff188e82fa18c1a284b0-d_1920x1080?r=pad,2023-04-25T14:53:05+00:00,2023-05-07T21:14:04+00:00,2023-04-25T14:53:05+00:00
Naomi Rivera LAPD Graduation,Naomi Rivera ,196,https://vimeo.com/748196405,https://i.vimeocdn.com/video/1506048435-d3bcf0f5af3d9dff93535bf39a1de19bfc919ed9901720d53771534f57cf1efc-d_1920x1080?r=pad,2022-09-09T22:45:59+00:00,2023-01-10T22:49:15+00:00,2022-09-09T22:45:59+00:00
Trini Aguirre - LAPD Graduation Video,Trini Aguirre,198,https://vimeo.com/820984095,https://i.vimeocdn.com/video/1660964864-02c504f339751715c43acfa639863d84ca712f0276d692232b58f83872ba2a9f-d_1920x1080?r=pad,2023-04-25T17:34:24+00:00,2023-05-07T21:15:50+00:00,2023-04-25T17:34:24+00:00
LAPD Graduation - Shirley Louis Lopez,Shirley Louis Lopez,198,https://vimeo.com/719648652,https://i.vimeocdn.com/video/1449793745-041b31e1ec464ddf20dfc198b5627c9e7568f2cd2266f7ca62f66d691aeff141-d_1920x1080?r=pad,2022-06-12T21:17:59+00:00,2022-10-02T22:40:36+00:00,2022-06-12T21:17:59+00:00
Madison Hills - LAPD Graduation Video,Madison Hills,199,https://vimeo.com/820930959,https://i.vimeocdn.com/video/1662317174-d2c847843d98a12afc6d332b8ed478591ec9f8a78f5297ac65f4a527da354d27-d_1920x1080?r=pad,2023-04-25T15:18:00+00:00,2023-05-07T21:22:17+00:00,2023-04-25T15:18:00+00:00
LAPD Graduation - Imani Holloway,Imani Holloway,201,https://vimeo.com/719653968,https://i.vimeocdn.com/video/1449805787-5bbf92925a8bafb9e9c7ae46174c92cc22adb9d3352119495d2f872e52f7bdb5-d_1920x1080?r=pad,2022-06-12T21:52:12+00:00,2022-10-27T04:39:27+00:00,2022-06-12T21:52:12+00:00
LAPD Graduation - Alexa Santoyo,Alexa Santoyo,202,https://vimeo.com/719658813,https://i.vimeocdn.com/video/1449814883-bdbea3a9e9bd81db28f4beedd3cce1bbe1641b0045048acb5fc489c5d82b73ba-d_1920x1080?r=pad,2022-06-12T22:23:31+00:00,2023-05-03T09:12:07+00:00,2022-06-12T22:23:31+00:00
LAPD Graduation - Christian Kim,Christian Kim,203,https://vimeo.com/719664623,https://i.vimeocdn.com/video/1449829328-c31385a6768f0ebbf2a51ae62863d365b97f1b0cb09f7f4f4c774c16890804d0-d_1920x1080?r=pad,2022-06-12T23:04:25+00:00,2022-11-28T15:48:51+00:00,2022-06-12T23:04:25+00:00
LAPD Graduation - Sabrina Villegas,Sabrina Villegas,203,https://vimeo.com/719661706,https://i.vimeocdn.com/video/1449822342-39d615a4e82ac7ddabcd0122973ac3fcbececbe7781b4d0be962c4cf1cb87e5e-d_1920x1080?r=pad,2022-06-12T22:43:55+00:00,2022-09-17T23:43:48+00:00,2022-06-12T22:43:55+00:00
Kevin Monge LAPD Graduation,Kevin Monge ,204,https://vimeo.com/812927911,https://i.vimeocdn.com/video/1643929605-6b0cc1f5a03ca8068bc6dcfcd94e2e743587fd79d4147be1a67bd15b5a1eb63a-d_1920x1080?r=pad,2023-03-29T19:00:41+00:00,2023-05-07T21:41:23+00:00,2023-03-29T19:00:41+00:00
Jared Perez LAPD Graduation,Jared Perez ,204,https://vimeo.com/768808382,https://i.vimeocdn.com/video/1543394431-7eb9ce26d23f05217b09ec5743cc14a5aa0a96f7fca0df10c468a5a614cbed6b-d_1920x1080?r=pad,2022-11-09T02:22:35+00:00,2023-05-07T21:40:56+00:00,2022-11-09T02:22:35+00:00
LAPD Graduation - David Colvin,David Colvin,204,https://vimeo.com/719656479,https://i.vimeocdn.com/video/1449811960-77df2dbc2fbc4f2f357ba73e676c9af522236437590667cfc76dbb8db57096ef-d_1920x1080?r=pad,2022-06-12T22:08:04+00:00,2023-02-19T01:38:01+00:00,2022-06-12T22:08:04+00:00
LAPD Graduation - Eva Naranjo,Eva Naranjo,204,https://vimeo.com/719636996,https://i.vimeocdn.com/video/1449769747-81685ab514156ce69cddd395b046b7c37c634c4bc29089105ebf23aafe5f6511-d_1920x1080?r=pad,2022-06-12T20:08:00+00:00,2023-01-19T16:27:57+00:00,2022-06-12T20:08:00+00:00
Michael Orozco LAPD Graduation,Michael Orozco ,205,https://vimeo.com/768788201,https://i.vimeocdn.com/video/1543434576-be266fcc3ffc1b94ac92e1ebeb7e648c4ef9fbd5b07cab62a40c56bb96ede3f6-d_1920x1080?r=pad,2022-11-09T00:55:40+00:00,2022-11-09T18:16:47+00:00,2022-11-09T00:55:40+00:00
LAPD Graduation - Erick Uriostegui,Erick Uriostegui,206,https://vimeo.com/810658142,https://i.vimeocdn.com/video/1638325543-8b8515574fa5ba9c7ed197a5d3a65130e484a8376aca744476bf076cd53db65f-d_1920x1080?r=pad,2023-03-22T18:59:49+00:00,2023-05-07T21:41:24+00:00,2023-03-22T18:59:49+00:00
LAPD Graduation - Beatriz Ramirez,Beatriz Ramirez,206,https://vimeo.com/808843912,https://i.vimeocdn.com/video/1633868120-d69bf01e3b6f759ac8b100adf19b44cdc723b9c2af3f0f8fc0eac09a1a93a288-d_1920x1080?r=pad,2023-03-16T20:41:12+00:00,2023-05-07T21:41:40+00:00,2023-03-16T20:41:12+00:00
LAPD Graduation - Sheharyar Janjua,Sheharyar Janjua,206,https://vimeo.com/808832532,https://i.vimeocdn.com/video/1633849282-f8d6bd7ef5f7580768d6decd535bf80f3fdf35f64cec7abbfc54db6075bdeb5f-d_1920x1080?r=pad,2023-03-16T20:04:48+00:00,2023-05-07T21:41:41+00:00,2023-03-16T20:04:48+00:00
MAURO FRANCO LAPD GRADUATION,Mauro Franco,206,https://vimeo.com/768797904,https://i.vimeocdn.com/video/1543437888-e822093c2dfcc109e9a370a965d190830a18c2874aee339522485a5edd4a548b-d_1920x1080?r=pad,2022-11-09T01:37:43+00:00,2023-04-21T06:11:02+00:00,2022-11-09T01:37:43+00:00
Adrian Ferns LAPD Graduation Video.mp4,Adrian Ferns,206,https://vimeo.com/748187008,https://i.vimeocdn.com/video/1506053716-2f2165eecaf12b54afc84ae892b18c82280a974d385f2111a8d554a9e2c6bc0c-d_1920x1080?r=pad,2022-09-09T21:54:55+00:00,2022-09-17T23:54:55+00:00,2022-09-09T21:54:55+00:00
LAPD Graduation - Jesus Tapia,Jesus Tapia,207,https://vimeo.com/808852794,https://i.vimeocdn.com/video/1633897463-7bd177f1b2ac9339b281abfe29e55a436fdadd2f65370854869f573a185796a8-d_1920x1080?r=pad,2023-03-16T21:10:45+00:00,2023-05-07T21:41:01+00:00,2023-03-16T21:10:45+00:00
Andrew Codreanu LAPD Graduation,Andrew Codreanu ,207,https://vimeo.com/768666624,https://i.vimeocdn.com/video/1543430451-0d47a2c597035df23d91c45dc90a97e036816b3daba67a2cf3016d921009081b-d_1920x1080?r=pad,2022-11-08T18:32:19+00:00,2022-11-09T03:57:53+00:00,2022-11-08T18:32:19+00:00
Angel Leon LAPD Graduation Video,Angel Leon ,207,https://vimeo.com/748188989,https://i.vimeocdn.com/video/1504543718-48cf1c5e85a7d5d6c27d1bf8e847a796c667a95ee4036d228088847cce6acf00-d_1920x1080?r=pad,2022-09-09T22:05:10+00:00,2022-09-17T23:54:55+00:00,2022-09-09T22:05:10+00:00
LAPD Graduation - Benjamin Coltharp,Benjamin Coltharp,208,https://vimeo.com/808823514,https://i.vimeocdn.com/video/1633826007-2b0b2b0f1dec7b07242c303b6f61201a34ee0d10a7bc8be5be5dd2812592e565-d_1920x1080?r=pad,2023-03-16T19:36:56+00:00,2023-05-07T21:41:24+00:00,2023-03-16T19:36:56+00:00
Antonio Shim LAPD Graduation,Antonio Shim ,209,https://vimeo.com/768804623,https://i.vimeocdn.com/video/1550462601-e4963296424689a61d2b9d881ae7c319ee02a905b98c8b8b2ab5f2f1e6207f4d-d_1920x1080?r=pad,2022-11-09T02:05:39+00:00,2022-11-27T15:12:30+00:00,2022-11-09T02:05:39+00:00
Ricardo Romero LAPD Graduation,Ricardo Romero ,209,https://vimeo.com/748198761,https://i.vimeocdn.com/video/1506046052-e93fc15d7cda69f1ca960803935fcbc189e21915b333ba8d7863f8538a4feeca-d_1920x1080?r=pad,2022-09-09T22:59:07+00:00,2022-11-30T08:10:06+00:00,2022-09-09T22:59:07+00:00
LAPD Graduation - Juan Carlos Asuncion,Juan Carlos Asuncion,210,https://vimeo.com/808819448,https://i.vimeocdn.com/video/1633820000-a822aca3327433c7e411bfce938081cf8ff74ae3ab259894b31a9d90fb4feede-d_1920x1080?r=pad,2023-03-16T19:24:04+00:00,2023-05-07T21:41:48+00:00,2023-03-16T19:24:04+00:00
Robert Stamolis LAPD Graduation.mp4,Robert Stamolis,210,https://vimeo.com/768786148,https://i.vimeocdn.com/video/1543353700-67d4ed06ece73d23d6162e6dc5d6448abbe151e5c4ed71e7dfa4eb8fa8f0a2e4-d_1920x1080?r=pad,2022-11-09T00:47:32+00:00,2022-11-09T00:51:02+00:00,2022-11-09T00:47:32+00:00
Robert Stamolis LAPD Graduation,Robert Stamolis ,210,https://vimeo.com/768717228,https://i.vimeocdn.com/video/1543433091-4883fd59620f1ad99072c34cff42ee7025b182b8ad2e135d9db75d08c3cde5fc-d_1920x1080?r=pad,2022-11-08T20:52:32+00:00,2023-02-05T04:38:25+00:00,2022-11-08T20:52:32+00:00
Brandon Hernandez LAPD Graduation.mp4,Brandon Hernandez,210,https://vimeo.com/768671692,https://i.vimeocdn.com/video/1543432238-9e09a7d032758f9ebfe011bc8953dc77fa80eb80cdc36bec520c065ebd59688c-d_1920x1080?r=pad,2022-11-08T18:49:24+00:00,2023-01-15T09:38:52+00:00,2022-11-08T18:49:24+00:00
LAPD Graduation - Youliana Arevalo,Youliana Arevalo,211,https://vimeo.com/808813767,https://i.vimeocdn.com/video/1633808330-3ba6454e5ca03a77c37b34a496eaef1d9164f8432506c3950ad3b8d80b21d60d-d_1920x1080?r=pad,2023-03-16T19:06:55+00:00,2023-05-07T21:41:12+00:00,2023-03-16T19:06:55+00:00
LAPD Graduation for Aracely Villa,Aracely Villa,211,https://vimeo.com/731794398,https://i.vimeocdn.com/video/1473325278-43d908eb66f49f331139f74487f84bf2d496d747f5b41be31d0d33b8dbfda895-d_1920x1080?r=pad,2022-07-20T16:13:02+00:00,2023-01-16T22:02:43+00:00,2022-07-20T16:13:02+00:00
LAPD Graduation for Roberto Munoz Garcia,Roberto Munoz Garcia,211,https://vimeo.com/731773278,https://i.vimeocdn.com/video/1473329592-15bf20f1414005de99f717fb0e1de71daa9214562bb36972a242cccf02b646f1-d_1920x1080?r=pad,2022-07-20T15:13:47+00:00,2023-04-30T13:40:56+00:00,2022-07-20T15:13:47+00:00
LAPD GRADUATION - FUAD AJIBOLA,Fuad Ajibola,211,https://vimeo.com/731506378,https://i.vimeocdn.com/video/1472210511-bef0e1985c72b51558b41b0832700f65cf9711f0b69122a59b7110275dd60e5a-d_1920x1080?r=pad,2022-07-19T20:18:04+00:00,2023-04-30T13:41:20+00:00,2022-07-19T20:18:04+00:00
LAPD Graduation for Alejandro Villarreal,Alejandro Villarreal,212,https://vimeo.com/731811337,https://i.vimeocdn.com/video/1473320804-393d863a2b5a11a12cd8b8e3d08e2b5ad334bfa652ff37070ae167f540eaa072-d_1920x1080?r=pad,2022-07-20T17:02:56+00:00,2023-03-03T07:39:58+00:00,2022-07-20T17:02:56+00:00
LAPD Graduation for Gabriela Salazar,Gabriela Salazar,212,https://vimeo.com/731781521,https://i.vimeocdn.com/video/1473326624-2680e2c35b8023ef6dd12aca59498e1a45a1ee72c98f8015183039adb6b41760-d_1920x1080?r=pad,2022-07-20T15:36:57+00:00,2023-04-30T09:39:53+00:00,2022-07-20T15:36:57+00:00
LAPD Graduation for Ziping Li,Ziping Li,213,https://vimeo.com/731761538,https://i.vimeocdn.com/video/1473332950-c22f640706a17c6263d8b79ba6873dff705aaad6c9b9ba32468a9acf3dee3cd7-d_1920x1080?r=pad,2022-07-20T14:43:50+00:00,2023-04-30T13:41:18+00:00,2022-07-20T14:43:50+00:00
LAPD Graduation of Meagan Magdaleno,Meagan Magdaleno,213,https://vimeo.com/731755329,https://i.vimeocdn.com/video/1473306190-1fede4f8ea60cfcd4e855cc0e120de5629b13de1ad7fd62c7b14fbb8f943fc9d-d_1920x1080?r=pad,2022-07-20T14:27:11+00:00,2023-04-30T13:40:43+00:00,2022-07-20T14:27:11+00:00
LAPD Graduation for Irean Guillian,Irean Guillian,213,https://vimeo.com/731725197,https://i.vimeocdn.com/video/1473308880-2c123f9491a24dd152004f19dd38cb9ef147b1af8629a6d735046f014b9c0f29-d_1920x1080?r=pad,2022-07-20T12:57:23+00:00,2022-11-04T08:10:21+00:00,2022-07-20T12:57:23+00:00
LAPD Graduation for Lucero Chavez,Lucero Chavez,213,https://vimeo.com/731520051,https://i.vimeocdn.com/video/1473310484-b889829353137a3503975cfe0ae6adb47314f0fcc8f8aff78db0779615cd24f3-d_1920x1080?r=pad,2022-07-19T21:06:13+00:00,2023-04-18T11:14:26+00:00,2022-07-19T21:06:13+00:00
LAPD Graduation for Raul Zamora,Raul Zamora,214,https://vimeo.com/733228265,https://i.vimeocdn.com/video/1475594028-f15f95512992b92cde7b4992976d9f930a676e6262e59788c73c3db78cdd8fb4-d_1920x1080?r=pad,2022-07-25T13:19:09+00:00,2023-04-15T03:39:35+00:00,2022-07-25T13:19:09+00:00
LAPD Graduation for Maquech Lizarraga,Maquech Lizarraga,214,https://vimeo.com/731494778,https://i.vimeocdn.com/video/1473318128-7d9a69453b40f69b3eda1718e28722db663f20df208b47c3e1f30962f5eee267-d_1920x1080?r=pad,2022-07-19T19:39:50+00:00,2023-04-30T13:41:37+00:00,2022-07-19T19:39:50+00:00
LAPD Graduation of Jonathan Abulei,Jonathan Abulei,215,https://vimeo.com/731500300,https://i.vimeocdn.com/video/1472200007-586987b339de8ff7c3fc120b8a690958c7dd23a14a1a501cfc5ec431cd7f7a12-d_1920x1080?r=pad,2022-07-19T19:57:48+00:00,2023-04-30T13:40:56+00:00,2022-07-19T19:57:48+00:00
LAPD Graduation - Oyuki Tsukamoto,Oyuki Tsukamoto,217,https://vimeo.com/810670683,https://i.vimeocdn.com/video/1638345564-3745efc10fbb3c971aef218a273b0387d545bec16e78aa315d3977009784b1af-d_1920x1080?r=pad,2023-03-22T19:37:28+00:00,2023-05-07T21:41:35+00:00,2023-03-22T19:37:28+00:00
LAPD Graduation - Darlene Quirarte,Darlene Quirarte,217,https://vimeo.com/810669212,https://i.vimeocdn.com/video/1638367040-155a0e0ce3726e70d11120202e5eb6357318cfea6ce13023146beeb5ba595c57-d_1920x1080?r=pad,2023-03-22T19:33:17+00:00,2023-05-07T21:41:17+00:00,2023-03-22T19:33:17+00:00
LAPD Graduation - Ricardo Ibarra,Ricardo Ibarra,218,https://vimeo.com/810658205,https://i.vimeocdn.com/video/1638325345-038e5476676eb2de2bd7ea83e906caa0dd7755df730be3ee30f57e20623a4578-d_1920x1080?r=pad,2023-03-22T18:59:59+00:00,2023-05-07T21:41:11+00:00,2023-03-22T18:59:59+00:00
LAPD Graduation - Jennifer Garcia,Jennifer Garcia,222,https://vimeo.com/808828604,https://i.vimeocdn.com/video/1633834184-9880aa12a44218e5688cd7d6e46ee932c9b4f317ca21f1206412f267a5808370-d_1920x1080?r=pad,2023-03-16T19:52:45+00:00,2023-05-07T21:41:39+00:00,2023-03-16T19:52:45+00:00
LAPD Graduation - Jonathan De Leon,Jonathan De Leon,223,https://vimeo.com/808826492,https://i.vimeocdn.com/video/1633831425-8c789b64f6cd901208f65fdaf7d8b76ae4f912e4d4bf984c2afe2af744f35c4a-d_1920x1080?r=pad,2023-03-16T19:46:29+00:00,2023-05-07T21:41:17+00:00,2023-03-16T19:46:29+00:00
LAPD Graduation - Julie Trace,Julie Trace,225,https://vimeo.com/810654948,https://i.vimeocdn.com/video/1638318149-c5c7c1fef31bc9608bfb232628fe5d723d02c3249d47cb05ec2b58712fd55233-d_1920x1080?r=pad,2023-03-22T18:50:38+00:00,2023-05-07T21:41:03+00:00,2023-03-22T18:50:38+00:00
Erick Flores LAPD Graduation,Erick Flores ,228,https://vimeo.com/768654301,https://i.vimeocdn.com/video/1543429639-e00ca6b0de4a508b7f31718abb1c585e1ffd4cd4c85a8d2a00a818ed489123ff-d_1920x1080?r=pad,2022-11-08T18:01:48+00:00,2022-11-09T06:17:06+00:00,2022-11-08T18:01:48+00:00
LAPD Graduation for Arlen Vera,Arlen Vera,229,https://vimeo.com/731796531,https://i.vimeocdn.com/video/1472758147-014fb58868d5a2a70b8eaedbdfe902f145b9a1ea606fe880b80d08b02f03d3af-d_1920x1080?r=pad,2022-07-20T16:19:23+00:00,2022-09-17T23:44:03+00:00,2022-07-20T16:19:23+00:00
Ryan Johnson - LAPD Graduation Video,Ryan Johnson,232,https://vimeo.com/820982969,https://i.vimeocdn.com/video/1662314800-00ee1e8025e0bd79b9de31412bdc79536348d1f9cb8a48e3401ac1b9354699ae-d_1920x1080?r=pad,2023-04-25T17:31:33+00:00,2023-05-07T21:15:51+00:00,2023-04-25T17:31:33+00:00
Matthew Campos LAPD Graduation,Matthew Campos ,232,https://vimeo.com/768792134,https://i.vimeocdn.com/video/1543365145-2c17b4cee62aad10b2025b4ede81ec8826a1ea879817aa90136bc8c2f9e7158b-d_1920x1080?r=pad,2022-11-09T01:13:32+00:00,2022-11-09T04:09:21+00:00,2022-11-09T01:13:32+00:00
LAPD Graduation - Abdul Shiekh,Abdul Shiekh,234,https://vimeo.com/810668637,https://i.vimeocdn.com/video/1638351935-f3511d1ca72760edce82aa99b515cb833400fb8dbf6d8e8125618df7391b2648-d_1920x1080?r=pad,2023-03-22T19:31:28+00:00,2023-05-07T21:40:50+00:00,2023-03-22T19:31:28+00:00
Cristian Hernandez Juarez LAPD Graduation,Cristian Hernandez Juarez ,239,https://vimeo.com/812949861,https://i.vimeocdn.com/video/1643904509-cc4de9a54fb4e6db7c60ff3ce4213254a07f2c0597fce077e01f352bf50ff81f-d_1920x1080?r=pad,2023-03-29T20:08:49+00:00,2023-05-07T21:41:06+00:00,2023-03-29T20:08:49+00:00
LAPD Graduation - Matthew Rodriguez,Matthew Rodriguez,239,https://vimeo.com/810669731,https://i.vimeocdn.com/video/1638355046-c938e48a8728490f3f60b1c544a856f9875ea30c215032e74edddc40df42d92f-d_1920x1080?r=pad,2023-03-22T19:34:42+00:00,2023-05-07T21:41:14+00:00,2023-03-22T19:34:42+00:00
Jesica Ledezma LAPD Graduation,Jesica Ledezma ,240,https://vimeo.com/768635287,https://i.vimeocdn.com/video/1543123016-4aa45cbeca846715a302092f731593e7df1834887474e5261b1425088a6eca78-d_1920x1080?r=pad,2022-11-08T17:15:30+00:00,2023-02-06T23:20:05+00:00,2022-11-08T17:15:30+00:00
Cameron Huntelman - LAPD Graduation,Cameron Huntelman,242,https://vimeo.com/820685727,https://i.vimeocdn.com/video/1662344133-926f639810c224f96e62d56354b71d061f88ed87940015eb3525723d2cf8fb73-d_1920x1080?r=pad,2023-04-24T21:40:38+00:00,2023-05-07T21:41:04+00:00,2023-04-24T21:40:38+00:00
Dante Serta LAPD Graduation Video,Dante Serta ,243,https://vimeo.com/768831985,https://i.vimeocdn.com/video/1543442120-4f715d9a6aac15840e9641dfd09939a911c0284ec3721519ac259512ffb88cfd-d_1920x1080?r=pad,2022-11-09T04:19:45+00:00,2023-05-07T21:41:15+00:00,2022-11-09T04:19:45+00:00
Samantha Sosa - Class 10-21- LAPD Graduation - 2022,Samantha Sosa,250,https://vimeo.com/710572880,https://i.vimeocdn.com/video/1438175366-4a990ccd546ff64bee9e203211d4a13c9c3fe5e8ef83dc38963f46308b9c471e-d_1920x1080?r=pad,2022-05-16T23:01:23+00:00,2023-05-07T21:41:19+00:00,2022-05-16T23:01:23+00:00
LAPD Graduation - Cecilia Tortola,Cecilia Tortola,256,https://vimeo.com/719651168,https://i.vimeocdn.com/video/1449801746-b13ea0cb5a06f123031a4fd0158bf5a4dbed444d0034bb6ce06adf046be84d0f-d_1920x1080?r=pad,2022-06-12T21:34:27+00:00,2023-04-30T13:41:16+00:00,2022-06-12T21:34:27+00:00
Joahua Kyle's LAPD Graduation,Joahua Kyle,258,https://vimeo.com/740170698,https://i.vimeocdn.com/video/1490205563-a954686699fb982adb30efa939dd58420fee7de1a6325ecac15936529397bd1f-d_1920x1080?r=pad,2022-08-16T22:59:21+00:00,2022-12-14T09:48:21+00:00,2022-08-16T22:59:21+00:00
Yamileth Garcia's LAPD Graduation Video,Yamileth Garcia,258,https://vimeo.com/740105425,https://i.vimeocdn.com/video/1490211977-f0cbf440f6cfa421f6a7a97908ac740d704d51af0f5aebc9957d61b51d812583-d_1920x1080?r=pad,2022-08-16T18:57:55+00:00,2023-02-06T22:40:20+00:00,2022-08-16T18:57:55+00:00
John Martinez's LAPD Graduation,John Martinez,258,https://vimeo.com/740059011,https://i.vimeocdn.com/video/1490215877-80d0279f65e020a084962b07abf792f68201988c80f06a4ef35b8163c94508b2-d_1920x1080?r=pad,2022-08-16T16:31:41+00:00,2023-03-18T12:41:25+00:00,2022-08-16T16:31:41+00:00
Jasmine Gomez's LAPD Graduation,Jasmine Gomez,258,https://vimeo.com/740034083,https://i.vimeocdn.com/video/1489207402-81b13e76c453c2be62dd76be0c51c0f4c6e0bc14e49e1f9c7d0e97ef63c669bf-d_1920x1080?r=pad,2022-08-16T15:19:41+00:00,2023-01-17T03:39:54+00:00,2022-08-16T15:19:41+00:00
Jazmin Lara's LAPD Graduation,Jazmin Lara,259,https://vimeo.com/inboundfilmsproductions/jazminlara,https://i.vimeocdn.com/video/1489202132-a92d169bcfc083e01832297e1374bf00911a07f9151a68f5a52f92098dbfb380-d_1920x1080?r=pad,2022-08-16T15:10:04+00:00,2022-11-29T10:12:55+00:00,2022-08-16T15:10:04+00:00
Monica Andalon's LAPD Graduation,Monica Andalon,260,https://vimeo.com/740105755,https://i.vimeocdn.com/video/1490210166-cd716610ded5a21c9cb48708800662a043bc32d4119022f3c3a55352d203a6d6-d_1920x1080?r=pad,2022-08-16T18:58:51+00:00,2023-05-02T18:25:16+00:00,2022-08-16T18:58:51+00:00
Argishti Karamyan's LAPD Graduation,Argishti Karamyan,260,https://vimeo.com/740041421,https://i.vimeocdn.com/video/1490219992-24f064de71d7310ef17b1db392b9b1012ce4c2c1a9710941399e1280658bd815-d_1920x1080?r=pad,2022-08-16T15:40:41+00:00,2022-12-04T06:07:31+00:00,2022-08-16T15:40:41+00:00
Liliana Barron's LAPD Graduation Video,Liliana Barron,261,https://vimeo.com/740085585,https://i.vimeocdn.com/video/1490213278-d02941ab4fa5221681121c2d429f4daf55faf82789bcf9c8f6bc47f2fd5afd8d-d_1920x1080?r=pad,2022-08-16T17:52:58+00:00,2023-04-15T21:40:12+00:00,2022-08-16T17:52:58+00:00
Douglas Cubillas's LAPD Graduation Video,Douglas Cubillas,262,https://vimeo.com/740038891,https://i.vimeocdn.com/video/1490222310-ba2a5b205351025e1ad39bdd3cf7ed754f0625965a92d4c14bb199c372f5c1ef-d_1920x1080?r=pad,2022-08-16T15:33:18+00:00,2022-11-27T08:06:52+00:00,2022-08-16T15:33:18+00:00
LAPD Graduation - William Saldana-Beene,William Saldana-Beene,272,https://vimeo.com/810671296,https://i.vimeocdn.com/video/1638365110-a0aca1400fbca22b8d35028b68bbe74a38c5d26e8ae2559a600b3b91b13cc9ec-d_1920x1080?r=pad,2023-03-22T19:39:13+00:00,2023-05-07T21:41:11+00:00,2023-03-22T19:39:13+00:00
Jennifer Herrera's LAPD Graduation,Jennifer Herrera,272,https://vimeo.com/740053808,https://i.vimeocdn.com/video/1490217235-e39bc3c1d0b4977d545dc057f60cb09f95ef3d6e8bf0efc82e3c5ee746624dd4-d_1920x1080?r=pad,2022-08-16T16:16:07+00:00,2023-01-17T03:39:53+00:00,2022-08-16T16:16:07+00:00
Keith Honore's LAPD Graduation,Keith Honore,273,https://vimeo.com/740065435,https://i.vimeocdn.com/video/1489259160-05ca3021daecf12e58598ab59b05b519faf8e7e7f5a762d1dac1ce064dc9731e-d_1920x1080?r=pad,2022-08-16T16:51:30+00:00,2022-12-22T21:40:31+00:00,2022-08-16T16:51:30+00:00
Oscar Rodriguez's LAPD Graduation Video,Oscar Rodriguez,275,https://vimeo.com/740170984,https://i.vimeocdn.com/video/1490200623-4aca386a63597a52a68a946691cf0e7a2cdbfdb407e59182978df28ea97ef5de-d_1920x1080?r=pad,2022-08-16T23:00:46+00:00,2023-01-17T03:11:51+00:00,2022-08-16T23:00:46+00:00
Stephan Wolter's LAPD Graduation,Stephan Wolter,276,https://vimeo.com/740171112,https://i.vimeocdn.com/video/1490197819-15664492f9df025cd8c02b430d6750f81ae8c161fb930627f7cfb10da5dbd8b5-d_1920x1080?r=pad,2022-08-16T23:01:28+00:00,2023-03-22T04:38:17+00:00,2022-08-16T23:01:28+00:00
Mike Gadimyan's LAPD Graduation,Mike Gadimyan,279,https://vimeo.com/740170824,https://i.vimeocdn.com/video/1490202600-a9488c1f3424b55d4604b32ea18f0bd34da8f31c7b94f2aa971fcdecafd3226d-d_1920x1080?r=pad,2022-08-16T23:00:02+00:00,2023-05-06T11:12:17+00:00,2022-08-16T23:00:02+00:00
Brandon Gonzalez LAPD Graduation Video.mp4,Brandon Gonzalez,289,https://vimeo.com/812983757,https://i.vimeocdn.com/video/1643935182-2cf8f4aaf76e248a625c1eb700f60df63fee3ceeadda3d7d321f85a282756cdf-d_1920x1080?r=pad,2023-03-29T22:06:22+00:00,2023-05-07T21:41:01+00:00,2023-03-29T22:06:22+00:00
Dorian Zou LAPD Graduation Video,Dorian Zou ,327,https://vimeo.com/748192866,https://i.vimeocdn.com/video/1506053301-1302900ce19fbaea3d058458b705e45a3684cc5892a777139767992c00fe2172-d_1920x1080?r=pad,2022-09-09T22:26:12+00:00,2022-09-30T01:38:49+00:00,2022-09-09T22:26:12+00:00
Adrian Shocks LAPD Graduation,Adrian Shocks ,379,https://vimeo.com/768647657,https://i.vimeocdn.com/video/1543428923-48bfb50a125710a77aeb0c860e55bd81142c1daa06bd25a145c67721195c9e60-d_1920x1080?r=pad,2022-11-08T17:45:38+00:00,2023-02-19T01:38:17+00:00,2022-11-08T17:45:38+00:00
Anel Cholico's LAPD Graduation,Anel Cholico,397,https://vimeo.com/740170469,https://i.vimeocdn.com/video/1489444770-10f7fa04f62d631678046e53f3feaccb1dac3d2ee1c4ce6c5b4e4e9a82f68e8e-d_1920x1080?r=pad,2022-08-16T22:58:19+00:00,2022-11-27T08:09:46+00:00,2022-08-16T22:58:19+00:00
DAHLIA VILLASENOR LAPD GRADUATION VIDEO,Dahlia Villasenor ,416,https://vimeo.com/748190945,https://i.vimeocdn.com/video/1506052105-3b414d09f5d90ff68798a82f5f350fc0e4da3caebf7818bfa42530febc12c993-d_1920x1080?r=pad,2022-09-09T22:15:23+00:00,2023-01-03T22:12:25+00:00,2022-09-09T22:15:23+00:00
D.I. Ortega - LAPD Class 3-22 Graduation,D.I. Ortega,447,https://vimeo.com/750570181,https://i.vimeocdn.com/video/1509025435-db6e8d967735a7430504b2553c851975a8acf54055d097362f96ab5092e02c93-d_1920x1080?r=pad,2022-09-17T00:44:23+00:00,2023-02-10T21:20:57+00:00,2022-09-17T00:44:23+00:00
Brianna Sanabria - LAPD Graduation,Brianna Sanabria,476,https://vimeo.com/820667670,https://i.vimeocdn.com/video/1660481604-fbe68ec052eb4dc3b2e80b262dfa7f01d13caac1868b6522ee753b95f7f2ae05-d_1920x1080?r=pad,2023-04-24T20:36:42+00:00,2023-05-07T21:41:09+00:00,2023-04-24T20:36:42+00:00
Nicholas Roberts LAPD Graduation.mp4,Nicholas Roberts,542,https://vimeo.com/812935722,https://i.vimeocdn.com/video/1643926588-34de61636fe32b0bff56d3a8c4b1b66b97ea40bdc78ba72f97f21f21416e3592-d_1920x1080?r=pad,2023-03-29T19:24:29+00:00,2023-05-07T21:41:13+00:00,2023-03-29T19:24:29+00:00
Isaac Castellon's LAPD Graduation,Isaac Castellon,739,https://vimeo.com/740122426,https://i.vimeocdn.com/video/1490208024-94173a1e10392e85a5f99f6d58b44b2846343b68a84c2f37b1171c758e9939cf-d_1920x1080?r=pad,2022-08-16T19:52:59+00:00,2022-11-27T08:09:13+00:00,2022-08-16T19:52:59+00:00
LAPD Class 12-2020 Graduation Ceremony,,2460,https://vimeo.com/565294083,https://i.vimeocdn.com/video/1169052187-abcb383ece55a0e870c83ab852042a3f422ebd67e4b501bf0eddbb3ec12cda9c-d_1920x1080?r=pad,2021-06-20T16:23:25+00:00,2023-05-04T07:12:25+00:00,2021-06-20T16:23:25+00:00
LAPD Class 9-2020 Graduation Ceremony,,2795,https://vimeo.com/524542145,https://i.vimeocdn.com/video/1086345580-46053588cbe616ef3d6d5801e444b9c4b70cf37134538441180cd1b936cc91f4-d_1920x1080?r=pad,2021-03-16T21:58:37+00:00,2023-01-05T22:17:36+00:00,2021-03-16T21:58:37+00:00
LAPD Class 8A-2021 Graduation Ceremony,,3248,https://vimeo.com/672048970,https://i.vimeocdn.com/video/1361894530-6b2d0060ac4e699b088ad9201caaa12fa07829cfc5b4edfc818579a9da255ab5-d_1920x1080?r=pad,2022-01-31T18:06:38+00:00,2023-01-10T22:38:49+00:00,2022-01-31T18:06:38+00:00
Los Angeles Police Department Detention Officer Graduation Ceremony for Class 10-16,,3254,https://vimeo.com/203122845,https://i.vimeocdn.com/video/618068993-c0cd4e633179a0c7947c55dd080ef8ccd8e9994a79b632cc8fd072bfce966335-d_1920x1080?r=pad,2017-02-08T14:45:34+00:00,2023-03-24T02:27:09+00:00,2017-02-08T14:45:34+00:00
Los Angeles Police Department Detention Officer Graduation Ceremony for Class 9-15,,3607,https://vimeo.com/147546529,https://i.vimeocdn.com/video/546311190-7ae177d7806346004a49d25068f4d0f340dfa075b83b09ce081cb52347aae3b4-d_1920x1080?r=pad,2015-12-02T03:20:55+00:00,2023-04-26T17:48:05+00:00,2015-12-02T03:20:55+00:00
Los Angeles Police Academy Graduation - Recruit Class 8-15,,3753,https://vimeo.com/157010908,https://i.vimeocdn.com/video/558204041-ac17e353d25a33792ab42f348a62c2c7242c56b36037fdc90e9c507a5d2af257-d_1920x1080?r=pad,2016-02-28T09:06:13+00:00,2023-04-14T08:11:44+00:00,2016-02-28T09:06:13+00:00
Los Angeles Police Department Recruit Officer Graduation Ceremony for Class 7-16,,3766,https://vimeo.com/199069950,https://i.vimeocdn.com/video/612248295-a092024aa2658875d50794f4f0f33fb231fe9daf8305b91f21fdbe373a0d4fe5-d_1920x1080?r=pad,2017-01-11T22:02:44+00:00,2023-01-12T23:42:45+00:00,2017-01-11T22:02:44+00:00
Los Angeles Police Department Recruit Officer Graduation Ceremony for Class 9-17,,3771,https://vimeo.com/257956823,https://i.vimeocdn.com/video/686087747-2dae7400101d62b3845def97c94e284f8059379bb00acb8f9a6c4a14eaed54a1-d_1920x1080?r=pad,2018-02-28T19:39:27+00:00,2022-07-24T00:35:53+00:00,2018-02-28T19:39:27+00:00
Los Angeles Police Department Recruit Officer Graduation Ceremony for Class 12-2015,,3785,https://vimeo.com/174075727,https://i.vimeocdn.com/video/581238311-5b67b12557fb8c1b16e51699390f483be0b9e5bead82fcf67a89f48198a62d34-d_1920x1080?r=pad,2016-07-10T06:50:49+00:00,2023-02-20T22:41:56+00:00,2016-07-10T06:50:49+00:00
LAPD Recruit Officer Graduation Ceremony for Class 9-22,,3805,https://vimeo.com/811136495,https://i.vimeocdn.com/video/1639794177-81b3e8b1318b3e650d72d5b8042dc64f61c8e41eaa3fed09abf70d83fae5b288-d_1920x1080?r=pad,2023-03-24T02:07:20+00:00,2023-05-07T21:41:10+00:00,2023-03-24T02:07:20+00:00
Los Angeles Police Department Recruit Officer Graduation Ceremony for Class 4-17,,3850,https://vimeo.com/237432460,https://i.vimeocdn.com/video/659892341-d2a8f464e0e12a254bb8218e774a5c74754dbeb4d56ddfe0f1ac72a357d62b2b-d_1920x1080?r=pad,2017-10-09T16:36:49+00:00,2023-03-16T07:10:31+00:00,2017-10-09T16:36:49+00:00
Los Angeles Police Department Recruit Officer Graduation Ceremony for Class 3-15,,3945,https://vimeo.com/142037919,https://i.vimeocdn.com/video/539234352-b82057891f0c6c3c9abfad360a5db7982096f943f53dbe3bee9a31e77579830e-d_1920x1080?r=pad,2015-10-11T07:07:50+00:00,2023-04-22T01:40:57+00:00,2015-10-11T07:07:50+00:00
Los Angeles Police Department Recruit Officer Graduation Ceremony for Class 8-16,,4036,https://vimeo.com/202672957,https://i.vimeocdn.com/video/616902579-fb743cf3ef86b074f8a22aa4799abf0438de0c90cabbb2e5355e73f6e814380b-d_1920x1080?r=pad,2017-02-05T22:29:05+00:00,2023-03-06T07:10:26+00:00,2017-02-05T22:29:05+00:00
Los Angeles Police Department Detention Officer Graduation Ceremony for Class 3-18,,4079,https://vimeo.com/276617023,https://i.vimeocdn.com/video/709199218-6c70caccd3d6aa65c4889429290360ee8686c18aad8afd3e5d612b416299f2bb-d_1920x1080?r=pad,2018-06-23T14:42:22+00:00,2023-04-26T17:51:54+00:00,2018-06-23T14:42:22+00:00
Los Angeles Police Department Recruit Officer Graduation Ceremony for Class 3-17,,4126,https://vimeo.com/233509098,https://i.vimeocdn.com/video/654898263-b886f32c71890d60a0086bd6e459f0bece82be92f82a57c060544a141afa865e-d_1920x1080?r=pad,2017-09-12T15:23:03+00:00,2023-02-05T07:38:25+00:00,2017-09-12T15:23:03+00:00
LAPD DO Class 10-2018 Graduation Ceremony,,4136,https://vimeo.com/314028379,https://i.vimeocdn.com/video/755523945-a23e37e12d87f24d9e81c9fa77b29e38a62800d6917527d04194736121ee3eca-d_1920x1080?r=pad,2019-01-29T14:47:09+00:00,2023-01-17T13:13:50+00:00,2019-01-29T14:47:09+00:00
Los Angeles Police Department Recruit Officer Graduation Ceremony for Class 2-16,,4142,https://vimeo.com/180621067,https://i.vimeocdn.com/video/589721243-b38742e996938ba79a598b7dac1a61d0baa4e3d776b1c1321c91c497de4eb8cb-d_1920x1080?r=pad,2016-08-29T17:13:16+00:00,2023-03-13T04:38:59+00:00,2016-08-29T17:13:16+00:00
Los Angeles Police Department Recruit Officer Graduation Ceremony for Class 10B-17,,4162,https://vimeo.com/266004904,https://i.vimeocdn.com/video/696543201-0995f5a5f84623f6bb051a475a8aba5cfafb3559907f47d0f79e6eb5a71b80d6-d_1920x1080?r=pad,2018-04-22T20:02:58+00:00,2021-10-09T02:08:23+00:00,2018-04-22T20:02:58+00:00
Los Angeles Police Department Recruit Officer Graduation Ceremony for Class 5-18,,4167,https://vimeo.com/299063485,https://i.vimeocdn.com/video/737411353-764efbe4e9896ef3edd94f2fd3f5cab9cecd9a34fceb32013050b027b0b185a3-d_1920x1080?r=pad,2018-11-05T19:04:57+00:00,2023-04-13T19:16:19+00:00,2018-11-05T19:04:57+00:00
LAPD Recruit Officer Graduation Ceremony for Class 3-22,,4170,https://vimeo.com/inboundfilmsproductions/lapdclass322,https://i.vimeocdn.com/video/1499332957-a7007806e78389ebed80dffede724c243ed951ee09869e9aa121e363bab98cfe-d_1920x1080?r=pad,2022-09-01T14:45:53+00:00,2023-04-15T04:38:23+00:00,2022-09-01T14:45:53+00:00
LAPD Class 5-2019 Graduation Ceremony,,4210,https://vimeo.com/371151876,https://i.vimeocdn.com/video/828608366-5a01652afd1db8968b32c6bf6e3d1c4889e6b22eeb4ae23ad328d081b833f637-d_1920x1080?r=pad,2019-11-05T14:57:54+00:00,2023-04-12T13:48:20+00:00,2019-11-05T14:57:54+00:00
Los Angeles Police Department Recruit Officer Graduation Ceremony for Class 11-17,,4220,https://vimeo.com/271346612,https://i.vimeocdn.com/video/702652239-bc22e7a1504d8e01cdb8c2e062254b75315793ac059f48d056fe7ad349f436bf-d_1920x1080?r=pad,2018-05-22T19:51:18+00:00,2023-04-18T07:42:22+00:00,2018-05-22T19:51:18+00:00
LAPD Recruit Officer Graduation Ceremony for Class 5-22,,4282,https://vimeo.com/767147638,https://i.vimeocdn.com/video/1540247348-4e380846d636617e0f81729922c3dac308af51419c3a17ad22986528f3f84421-d_1920x1080?r=pad,2022-11-04T03:09:38+00:00,2023-05-06T01:11:05+00:00,2022-11-04T03:09:38+00:00
Los Angeles Police Department Recruit Officer Graduation Ceremony for Class 7-15,,4285,https://vimeo.com/153651863,https://i.vimeocdn.com/video/554357157-e25f9ef3cb8ae4091713a2e54aca4ef9706f74b11c1e4dd92a75b10d57063e0d-d_1920x1080?r=pad,2016-01-31T06:16:59+00:00,2023-04-19T01:22:18+00:00,2016-01-31T06:16:59+00:00
Los Angeles Police Department Recruit Officer Graduation Ceremony for Class 6-17,,4317,https://vimeo.com/245929152,https://i.vimeocdn.com/video/670858844-d1d740ae82316344420f0253cd56b1d3b328bc181ef2c5fab3355a5fc29014d0-d_1920x1080?r=pad,2017-12-05T14:53:38+00:00,2022-08-06T05:44:24+00:00,2017-12-05T14:53:38+00:00
Los Angeles Police Department Recruit Officer Graduation Ceremony for Class 2-18,,4394,https://vimeo.com/285122902,https://i.vimeocdn.com/video/719751862-5d7a01dfb682ddd3350cedb82ebca82f18fae984e40270e6274a8403a55b1901-d_1920x1080?r=pad,2018-08-15T15:35:18+00:00,2023-01-10T07:39:54+00:00,2018-08-15T15:35:18+00:00
Los Angeles Police Department Recruit Officer Graduation Ceremony for Class 4-14,,4396,https://vimeo.com/145706236,https://i.vimeocdn.com/video/544165290-5c2841eb224a596d781672fc1e71f4ef02d49f8e4fde5f65f4414e5834c62293-d_1920x1080?r=pad,2015-11-14T05:22:14+00:00,2023-02-20T22:51:44+00:00,2015-11-14T05:22:14+00:00
Los Angeles Police Department Recruit Officer Graduation Ceremony for Class 9-18,,4409,https://vimeo.com/318678377,https://i.vimeocdn.com/video/761230193-f648e231ebfce5051e94cb3dc0fc8aa20cf88f42dad3cef821ed877540ce2746-d_1920x1080?r=pad,2019-02-21T04:26:25+00:00,2023-02-27T05:08:38+00:00,2019-02-21T04:26:25+00:00
Los Angeles Police Department Recruit Officer Graduation Ceremony for Class 6-15,,4442,https://vimeo.com/149676314,https://i.vimeocdn.com/video/549136430-996fad8ade20cd4e3c2dbdaa88be30fcb1468fd7fa3beb91ed91f87978327617-d_1920x1080?r=pad,2015-12-21T19:06:38+00:00,2023-02-20T22:46:24+00:00,2015-12-21T19:06:38+00:00
Los Angeles Police Department Recruit Officer Graduation Ceremony for Class 10A-18,,4483,https://vimeo.com/326172934,https://i.vimeocdn.com/video/770336337-75a88030bdb74444b7c71fd46fa5215b499b77b5aaf2b5eb3be15f2131314920-d_1920x1080?r=pad,2019-03-24T15:42:27+00:00,2023-02-16T18:01:31+00:00,2019-03-24T15:42:27+00:00
LAPD Recruit Officer Graduation Ceremony for Class 8B-22,,4485,https://vimeo.com/806126239,https://i.vimeocdn.com/video/1627723834-00aa768ec7c38de739dd2c52ff6db47cdcfcb2ee9ca3c2382662c3ebccb0c980-d_1920x1080?r=pad,2023-03-08T22:22:54+00:00,2023-05-07T21:40:57+00:00,2023-03-08T22:22:54+00:00
Los Angeles Police Department Recruit Officer Graduation Ceremony for Class 1-18,,4487,https://vimeo.com/279390718,https://i.vimeocdn.com/video/712737398-319ed78489e407aac24c31786725fc5573d466e522f6d58104d5668694f60f0a-d_1920x1080?r=pad,2018-07-11T04:50:19+00:00,2023-04-27T15:22:34+00:00,2018-07-11T04:50:19+00:00
Los Angeles Police Department Recruit Officer Graduation Ceremony for Class 10B-2018,,4491,https://vimeo.com/332258769,https://i.vimeocdn.com/video/777940719-16f58bb54535f867d5a516b7b4fa28021e51cb3790a78e1b4f1f98c4bc6b5998-d_1920x1080?r=pad,2019-04-24T16:23:54+00:00,2023-04-08T00:37:53+00:00,2019-04-24T16:23:54+00:00
LAPD Recruit Officer Graduation Ceremony for Class 7-22,,4511,https://vimeo.com/783969610,https://i.vimeocdn.com/video/1574587706-bbb8a175bd16c31218f6afc8d2d5ec36ce3f054e02b4f4928807b8c443abdb37-d_1920x1080?r=pad,2022-12-23T16:45:52+00:00,2023-05-07T21:41:38+00:00,2022-12-23T16:45:52+00:00
Los Angeles Police Department Recruit Officer Graduation Ceremony for Class 11-2018,,4519,https://vimeo.com/337459717,https://i.vimeocdn.com/video/784681743-2fe35d235df4a75afd59b998ce6604bab371003872d3bc68fbe1c14dec737bcf-d_1920x1080?r=pad,2019-05-21T07:12:11+00:00,2023-01-17T13:13:46+00:00,2019-05-21T07:12:11+00:00
Los Angeles Police Department Recruit Officer Graduation Ceremony for Class 4-16,,4519,https://vimeo.com/188201153,https://i.vimeocdn.com/video/598982927-f341d33b26d093765bd893364851ff31d54dd5ff56eae6663a1466510972d563-d_1920x1080?r=pad,2016-10-20T20:05:54+00:00,2022-04-07T04:47:31+00:00,2016-10-20T20:05:54+00:00
LAPD Class 11 2014 Graduation,,4594,https://vimeo.com/127729219,https://i.vimeocdn.com/video/518625275-0b5e46f0d2d19af17ac71e02f32251d96043241f39c43d83e680bc04d868c4cd-d_1920x1080?r=pad,2015-05-13T15:28:01+00:00,2023-02-06T21:37:40+00:00,2015-05-13T15:28:01+00:00
LAPD Class 8B-2021 Graduation Ceremony,,4612,https://vimeo.com/692373951,https://i.vimeocdn.com/video/1401473881-0aa0651aa392c6ff4bfe22647071c01e966418e2679660a091c96e8e82691fde-d_1920x1080?r=pad,2022-03-25T18:54:51+00:00,2023-04-24T07:11:15+00:00,2022-03-25T18:54:51+00:00
LAPD Class 9-2021 Graduation Ceremony,,4616,https://vimeo.com/702443662,https://i.vimeocdn.com/video/1419249023-4a30736593a6afbccd3f61abb4b425636c091b92bac8132fb5a92537b800755c-d_1920x1080?r=pad,2022-04-23T23:06:40+00:00,2022-12-17T22:12:56+00:00,2022-04-23T23:06:40+00:00
LAPD Class 6-2019 Graduation Ceremony,,4616,https://vimeo.com/377077487,https://i.vimeocdn.com/video/836433420-054a0ce83db5272906bb7583b6f1f4ab9884e51096bd305e8f89402f16e702f4-d_1920x1080?r=pad,2019-12-03T14:57:40+00:00,2023-05-05T18:19:16+00:00,2019-12-03T14:57:40+00:00
LAPD Graduation Class 5-2017,,4619,https://vimeo.com/241912170,https://i.vimeocdn.com/video/665823809-e8cb579619e68729e2f564f40c0d1f3f6aab8e551b457dcfa3730e91670575d8-d_1920x1080?r=pad,2017-11-08T17:38:53+00:00,2023-03-28T05:40:09+00:00,2017-11-08T17:38:53+00:00
Los Angeles Police Department Recruit Officer Graduation Ceremony for Class 12-16,,4623,https://vimeo.com/223593896,https://i.vimeocdn.com/video/642495276-83d1ae57cfc47e8c15f5db8e6adeb6b34386c29790049ecce1c33341f2a73cc9-d_1920x1080?r=pad,2017-06-29T10:54:54+00:00,2022-09-10T18:42:36+00:00,2017-06-29T10:54:54+00:00
Los Angeles Police Department Recruit Officer Graduation Ceremony for Class 6-16,,4629,https://vimeo.com/195102704,https://i.vimeocdn.com/video/607269369-fc935e9c6442c45626c1b1d6e357cc1ddd040cac9decd3dbe9dd63831813aa79-d_1920x1080?r=pad,2016-12-10T15:12:58+00:00,2023-03-13T00:40:19+00:00,2016-12-10T15:12:58+00:00
Los Angeles Police Department Recruit Officer Graduation Ceremony for Class 5-15,,4694,https://vimeo.com/147493165,https://i.vimeocdn.com/video/546229646-a2f36a6db9dede59e4e4d7066ba525aa4a798547cd528da6a21250dc25661dce-d_1920x1080?r=pad,2015-12-01T18:11:31+00:00,2023-02-20T22:52:10+00:00,2015-12-01T18:11:31+00:00
Los Angeles Police Department Recruit Officer Graduation Ceremony for Class 11B-15,,4703,https://vimeo.com/168822705,https://i.vimeocdn.com/video/573578511-be4fb8eb3aa57c4abf038c4490992c07e1a9658a41c10b0498e82e5f943eec6f-d_1920x1080?r=pad,2016-05-31T18:31:23+00:00,2023-02-20T22:42:07+00:00,2016-05-31T18:31:23+00:00
Los Angeles Police Department Recruit Officer Graduation Ceremony for Class 1-15,,4705,https://vimeo.com/135761212,https://i.vimeocdn.com/video/530483486-2363b73e7dc7f39ddec8ff7e48dc6b023a7677a92f7a5f254f5efd7972a3de5d-d_1920x1080?r=pad,2015-08-08T20:51:20+00:00,2023-04-18T23:00:24+00:00,2015-08-08T20:51:20+00:00
Los Angeles Police Department Recruit Officer Graduation Ceremony for Class 10-2015,,4705,https://vimeo.com/135714885,https://i.vimeocdn.com/video/582485864-e5622f8f0faa69063ed2f371938ce43719ba9f43d924565325c41db331f80b49-d_1920x1080?r=pad,2015-08-07T22:47:29+00:00,2023-04-23T06:09:12+00:00,2015-08-07T22:47:29+00:00
LAPD Recruit Officer Graduation Ceremony for Class 10-22,,4735,https://vimeo.com/817976678,https://i.vimeocdn.com/video/1656286207-2c69b517b4a20ef88a845260180123c409e8e8d1dd337360f380049e36efe8d4-d_1920x1080?r=pad,2023-04-15T19:26:31+00:00,2023-05-07T21:13:43+00:00,2023-04-15T19:26:31+00:00
LAPD Recruit Classes 12-21 & 1-22 Graduation Ceremony,,4747,https://vimeo.com/728283765,https://i.vimeocdn.com/video/1465906730-e5df0e84a8640000e59ce508ea932a57d8c4c1be27cc5c80d8f07a602b4bc953-d_1920x1080?r=pad,2022-07-08T22:22:07+00:00,2023-03-06T05:39:12+00:00,2022-07-08T22:22:07+00:00
LAPD Recruit Officer Graduation Ceremony for Class 2-22,,4753,https://vimeo.com/739298320,https://i.vimeocdn.com/video/1488014104-6e66f26ce20a8c124f61490f47850ba6e09ee69e56ba7f49a3dd67bafe817132-d_1920x1080?r=pad,2022-08-13T23:23:10+00:00,2023-05-03T23:20:42+00:00,2022-08-13T23:23:10+00:00
Los Angeles Police Department Recruit Officer Graduation Ceremony for Class 10A-17,,4759,https://vimeo.com/262537277,https://i.vimeocdn.com/video/692081084-e2fd6ef53dff317a89ee8fba530698bd23be775dc65fe8abcadfaa1a52782ba2-d_1920x1080?r=pad,2018-03-30T13:47:49+00:00,2023-03-24T00:05:29+00:00,2018-03-30T13:47:49+00:00
LAPD Class 11-2021 Graduation Ceremony,,4783,https://vimeo.com/719622652,https://i.vimeocdn.com/video/1449753913-9b15db6deda2cdd0fb27eccf1b0b967b89f22d0331c4e8b85d88f62db91e9ea8-d_1920x1080?r=pad,2022-06-12T18:43:23+00:00,2023-03-15T06:09:46+00:00,2022-06-12T18:43:23+00:00
Los Angeles Police Department Recruit Officer Graduation Ceremony for Class 6-18,,4793,https://vimeo.com/303514321,https://i.vimeocdn.com/video/742580877-c28439d60d12c70744e3c553ac49e69f05be57bdf92cbbae5e169be5ae86ea15-d_1920x1080?r=pad,2018-11-29T15:07:57+00:00,2023-02-24T04:10:32+00:00,2018-11-29T15:07:57+00:00
Los Angeles Police Department Recruit Officer Graduation Ceremony for Class 3-18,,4812,https://vimeo.com/289282259,https://i.vimeocdn.com/video/724938409-b05a81f7dbe020d78d0bfba47e8f2529d1426aa24d5c523b0ec6dc304c2fccaf-d_1920x1080?r=pad,2018-09-11T13:41:30+00:00,2022-09-06T20:49:31+00:00,2018-09-11T13:41:30+00:00
LAPD Recruit Officer Graduation Ceremony for Class 12-18,,4852,https://vimeo.com/343302248,https://i.vimeocdn.com/video/792450546-17acbcb184f1eb23f1fe8dcfba34986c1fb4fc35fef3e336d9d63c7edfc99a5a-d_1920x1080?r=pad,2019-06-19T19:38:14+00:00,2023-03-19T21:41:53+00:00,2019-06-19T19:38:14+00:00
LAPD Class 10-2022 Graduation Ceremony,,4889,https://vimeo.com/710526391,https://i.vimeocdn.com/video/1433108020-3349a715aa9b8aedcb5fbb828b40668c2edb54b99ba497ed8e53f87ebf7b0c38-d_1920x1080?r=pad,2022-05-16T20:17:26+00:00,2023-04-07T02:09:37+00:00,2022-05-16T20:17:26+00:00
"LAPD Graduation Exercises - Class 4-2018 - September 28, 2018",,4889,https://vimeo.com/293978806,https://i.vimeocdn.com/video/730799576-246543f2a4e29f29d69ae07dc01f8e7469fe83801780e8b38a1eb882d22930fe-d_1920x1080?r=pad,2018-10-08T16:18:54+00:00,2022-06-08T15:25:51+00:00,2018-10-08T16:18:54+00:00
Los Angeles Police Department Recruit Officer Graduation Ceremony for Class 9A-19,,4914,https://vimeo.com/393486744,https://i.vimeocdn.com/video/859300394-c727cf0fcc838027ce6c7963d6ca04c8ce446d0b732ac3adfde13a775a92a652-d_1920x1080?r=pad,2020-02-24T17:48:12+00:00,2023-05-07T21:02:08+00:00,2020-02-24T17:48:12+00:00
Los Angeles Police Department Recruit Officer Graduation Ceremony for Class 1-16,,4928,https://vimeo.com/176726741,https://i.vimeocdn.com/video/584628611-ac881fb2d04b2e1a5dab6cbeff77acbeea197d61a8816f45318fd856f6cc1892-d_1920x1080?r=pad,2016-07-29T10:33:33+00:00,2023-03-10T03:39:28+00:00,2016-07-29T10:33:33+00:00
Los Angeles Police Department Recruit Officer Graduation Ceremony for Class 11A-15 Class,,5119,https://vimeo.com/165439126,https://i.vimeocdn.com/video/569734604-16048b70d4846b41e50d1d8c89af2c2c9e6301d17bbcbf17624c094c6bd4877b-d_1920x1080?r=pad,2016-05-05T13:59:58+00:00,2023-02-20T22:49:42+00:00,2016-05-05T13:59:58+00:00
Los Angeles Police Department Recruit Officer Graduation Ceremony for Class 8-19,,5212,https://vimeo.com/387311522,https://i.vimeocdn.com/video/850421344-4a05d4d18b9cc93662c5ded1d54f982be0afb3f4ceb3dd5e0b195dad7b128a24-d_1920x1080?r=pad,2020-01-26T20:15:49+00:00,2022-11-17T04:10:51+00:00,2020-01-26T20:15:49+00:00
Los Angeles Police Department Recruit Officer Graduation Ceremony for Class 5-16 & 5-16R,,5284,https://vimeo.com/192355274,https://i.vimeocdn.com/video/604368365-cabed2337b399766e9cd09ccde1129dc4b234cf1ba686a63d337e770481a6252-d_1920x1080?r=pad,2016-11-20T18:37:09+00:00,2022-07-30T21:14:09+00:00,2016-11-20T18:37:09+00:00
Los Angeles Police Department Recruit Officer Graduation Ceremony for Class 12-17,,5295,https://vimeo.com/276165502,https://i.vimeocdn.com/video/708741515-e7dc8625a57a1598a125926f7473bd3548fa3732bdd2b16eebb0592f86536db1-d_1920x1080?r=pad,2018-06-21T04:29:21+00:00,2023-03-07T04:12:50+00:00,2018-06-21T04:29:21+00:00
LAPD Recruit Officer Graduation Ceremony for Class 6-22 Video,,5467,https://vimeo.com/777891428,https://i.vimeocdn.com/video/1561188941-20ab8dd8b01d399ccd714dc6378feb1e58fc4f1708e18bffb90b44dfe6895fc0-d_1920x1080?r=pad,2022-12-04T20:52:37+00:00,2023-05-07T21:41:18+00:00,2022-12-04T20:52:37+00:00
LAPD Graduation 09 2014,,5559,https://vimeo.com/122115440,https://i.vimeocdn.com/video/511458784-7668d8b6f20769c778f3d8b93d16f9cfb5eee787934df252466a18a1c73adf12-d_1920x1080?r=pad,2015-03-13T16:07:28+00:00,2023-03-07T05:39:45+00:00,2015-03-13T16:07:28+00:00
LAPD Recruit Officer Graduation Ceremony for Class 02-19,,5589,https://vimeo.com/353109925,https://i.vimeocdn.com/video/805191819-e3243a89e0d4eaae1ac58e4853ac6a7c3411635cb6162a53b61ec694a6c940eb-d_1920x1080?r=pad,2019-08-10T15:18:31+00:00,2023-04-16T19:12:00+00:00,2019-08-10T15:18:31+00:00
LAPD Class 7-2021Graduation Ceremony,,5597,https://vimeo.com/659970854,https://i.vimeocdn.com/video/1333238769-54e850465d5b15724741cc94203a9e58a758db051f956eb57e3745306b2fd56a-d_1920x1080?r=pad,2021-12-24T17:31:40+00:00,2023-04-19T22:57:25+00:00,2021-12-24T17:31:40+00:00